{"cameraMode":{"drawMode":0,"name":"Shaded","section":"Shading Mode"},"sceneLighting":true,"audioPlay":false,"sceneViewState":{"showFog":true,"showMaterialUpdate":false,"showSkybox":true,"showFlares":true,"showImageEffects":true,"showParticleSystems":true},"in2DMode":false,"pivot":{"x":-3.390000104904175,"y":-2.679999828338623,"z":7.0},"rotation":{"x":-0.24366755783557893,"y":-0.03727071359753609,"z":0.009240621700882912,"w":-0.9691730737686157},"size":13.75666618347168,"orthographic":false}