{"cameraMode":{"drawMode":0,"name":"Shaded","section":"Shading Mode"},"sceneLighting":true,"audioPlay":false,"sceneViewState":{"showFog":true,"showMaterialUpdate":false,"showSkybox":true,"showFlares":true,"showImageEffects":true,"showParticleSystems":true},"in2DMode":false,"pivot":{"x":0.2608318328857422,"y":1.0221889019012452,"z":0.19576358795166017},"rotation":{"x":-0.025206079706549646,"y":0.0057141403667628769,"z":-0.0012670304859057069,"w":0.999987006187439},"size":9.920849800109864,"orthographic":false}