{"cameraMode":{"drawMode":0,"name":"Shaded","section":"Shading Mode"},"sceneLighting":true,"audioPlay":false,"sceneViewState":{"showFog":true,"showMaterialUpdate":false,"showSkybox":true,"showFlares":true,"showImageEffects":true,"showParticleSystems":true},"in2DMode":false,"pivot":{"x":-0.4454836845397949,"y":-0.2922215461730957,"z":-7.088022708892822},"rotation":{"x":-0.1419748067855835,"y":0.7527092695236206,"z":-0.17066292464733125,"w":-0.6201663613319397},"size":4.789855480194092,"orthographic":false}