{"cameraMode":{"drawMode":0,"name":"Shaded","section":"Shading Mode"},"sceneLighting":true,"audioPlay":false,"sceneViewState":{"showFog":true,"showMaterialUpdate":false,"showSkybox":true,"showFlares":true,"showImageEffects":true,"showParticleSystems":true},"in2DMode":false,"pivot":{"x":0.8716583251953125,"y":1.294109582901001,"z":-5.97432279586792},"rotation":{"x":-0.20356285572052003,"y":0.14538219571113587,"z":-0.030523870140314103,"w":-0.9677720069885254},"size":2.628941774368286,"orthographic":false}