{"cameraMode":{"drawMode":0,"name":"Shaded","section":"Shading Mode"},"sceneLighting":true,"audioPlay":false,"sceneViewState":{"showFog":true,"showMaterialUpdate":false,"showSkybox":true,"showFlares":true,"showImageEffects":true,"showParticleSystems":true},"in2DMode":false,"pivot":{"x":-4.559999942779541,"y":-0.01716923713684082,"z":-7.969999313354492},"rotation":{"x":-0.1923840343952179,"y":0.04767901077866554,"z":-0.009314334020018578,"w":-0.980165421962738},"size":2.5578835010528566,"orthographic":false}