{"cameraMode":{"drawMode":0,"name":"Shaded","section":"Shading Mode"},"sceneLighting":true,"audioPlay":false,"sceneViewState":{"showFog":true,"showMaterialUpdate":false,"showSkybox":true,"showFlares":true,"showImageEffects":true,"showParticleSystems":true},"in2DMode":false,"pivot":{"x":-0.22793400287628175,"y":0.798804759979248,"z":-13.404401779174805},"rotation":{"x":-0.14585454761981965,"y":0.22406379878520966,"z":-0.03392268344759941,"w":-0.9630250930786133},"size":3.722551107406616,"orthographic":false}