{"cameraMode":{"drawMode":0,"name":"Shaded","section":"Shading Mode"},"sceneLighting":true,"audioPlay":false,"sceneViewState":{"showFog":true,"showMaterialUpdate":false,"showSkybox":true,"showFlares":true,"showImageEffects":true,"showParticleSystems":true},"in2DMode":false,"pivot":{"x":-0.9085702300071716,"y":1.3413869142532349,"z":-0.9268016815185547},"rotation":{"x":-0.03929956629872322,"y":-0.002401355654001236,"z":0.00009506526112090796,"w":-0.9992263913154602},"size":10.989853858947754,"orthographic":false}