{"cameraMode":{"drawMode":0,"name":"Shaded","section":"Shading Mode"},"sceneLighting":true,"audioPlay":false,"sceneViewState":{"showFog":true,"showMaterialUpdate":false,"showSkybox":false,"showFlares":true,"showImageEffects":true,"showParticleSystems":true},"in2DMode":false,"pivot":{"x":0.0,"y":14.510001182556153,"z":-2.6100006103515627},"rotation":{"x":-0.14582671225070954,"y":0.34575918316841128,"z":-0.05448983237147331,"w":-0.9253242015838623},"size":16.389558792114259,"orthographic":false}