{"cameraMode":{"drawMode":0,"name":"Shaded","section":"Shading Mode"},"sceneLighting":true,"audioPlay":false,"sceneViewState":{"showFog":true,"showMaterialUpdate":false,"showSkybox":true,"showFlares":true,"showImageEffects":true,"showParticleSystems":true},"in2DMode":false,"pivot":{"x":-0.13901300728321076,"y":0.6037089824676514,"z":-8.09660816192627},"rotation":{"x":0.16148893535137177,"y":-0.047821518033742908,"z":0.00691571831703186,"w":0.9859384298324585},"size":1.8901739120483399,"orthographic":false}